{"mean": 112.02668762207031, "std": 53.45658874511719}