{"mean": -18.358312585946106, "std": 3.364240652931502}